Model,Val_RMSLE,Delta
Baseline LGBM (Day 3),0.40562,0.0
LightGBM Advanced,0.38069300565575365,-0.024926994344246334
XGBoost Advanced,0.3691456871933936,-0.0364743128066064
Ensemble,0.3715096151558219,-0.034110384844178054
